uid,body,title,url,newspaper_uid,host,n_token_title,n_token_body
1c474a70119365e8b2b01405313b6e1d,  Número de indígenas contagiados con covid-19 asciende a 773: Onic ,antioquia,https://www.elcolombiano.com/antioquia,newspaper_uid,www.elcolombiano.com,1,5
3d11795e02cc2c299137223850b884e1,"    La emergencia que atraviesa el país ha golpeado con fuerza al comercio, pero específicamente ha sido más dura con los renglones de bares, discotecas y restaurantes. En este último caso, según los datos de Acodres, en el país operan unos 90.000 restaurantes que aguardan por la reactivación y tener medidas claras para volver a operar.  Incluso, el alcalde Daniel Quintero aseguró que en el caso de Medellín ya hay protocolos y el sector está ávido de obtener el aval nacional para entrar a operar. Una de...    ", Con los restaurantes cerrados uno no puede mantener a todo mundo trabajando: Rausch ,https://www.elcolombiano.com/negocios/empresas/jorge-rausch-sale-al-paso-luego-de-criticas-a-medidas-del-gobierno-MH13142718,newspaper_uid,www.elcolombiano.com,6,43
c6b0f3fb2f27722a6da4be4e31eded2a,  Número de indígenas contagiados con covid-19 asciende a 773: Onic ,economia,https://www.elcolombiano.com/negocios/economia,newspaper_uid,www.elcolombiano.com,1,5
0a30616ad5aa55e4f3e73add4e444781,"    Miles de personas despidieron el lunes a George Floyd, el hombre muerto a manos de un policía hace dos semanas en Estados Unidos, en el velatorio llevado a cabo en Houston, el día en que la justicia fijó una fianza de un millón de dólares para el agente blanco acusado del asesinato que sacude a Estados Unidos y al mundo. Durante seis horas, más de 6.000 personas, según los organizadores, pasaron frente al ataúd abierto de Floyd, convertido en un símbolo de la lucha contra la brutalidad policial y...    ", Miles despiden a George Floyd en exequias en Houston ,https://www.elcolombiano.com/internacional/despiden-a-george-floyd-en-exequias-en-houston-GH13141689,newspaper_uid,www.elcolombiano.com,6,46
919c12868d76b9843e3e061b327af17b,"    En un mundo obstinado por la quimera del futuro post-pandemia, convencido de que la historia ya ha caducado incluso como fuente de lecciones, América Latina parece dispuesta a recurrir a fórmulas del pasado.  La receta se resume en tres letras, Fondo Monetario Internacional (FMI), ligadas durante el último medio siglo al devenir del continente. En un contexto pesimista, abocado a la crisis, Colombia recibió el aprobado a la renovación de una línea de crédito de casi 10.800 millones de dólares.  La...    "," El FMI, ¿al rescate de América Latina? ",https://www.elcolombiano.com/negocios/creditos-del-fondo-monetario-internacional-fmi-a-america-latina-para-soportar-la-pandemia-HB13121798,newspaper_uid,www.elcolombiano.com,4,44
2896d83ffb530b769e54f49fe7098257,  Número de indígenas contagiados con covid-19 asciende a 773: Onic ,negocios,https://www.elcolombiano.com/negocios,newspaper_uid,www.elcolombiano.com,1,5
6eb5936dbe5adc6802ac9f6ebe32d378,  Número de indígenas contagiados con covid-19 asciende a 773: Onic ,empresas,https://www.elcolombiano.com/negocios/empresas,newspaper_uid,www.elcolombiano.com,1,5
fc3115f898aa4d1c15d0b1e80bdec165,"    Un mensaje de rechazo y de la imperiosa necesidad de trabajar juntos para garantizar los derechos de los niños, niñas y adolescentes del departamento realizó este martes el gobernador de Antioquia (e) Luis Fernando Suárez.  Esto luego de que las autoridades registraran cinco muertes violentas, en diferentes municipios del departamento, que tuvieron como denominador común que las víctimas era población infantil o adolescente vulnerable:  Por respeto a las víctimas y a sus padres, no voy a entrar en...    ", Gobernación de Antioquia alerta por muertes violentas de menores de edad  ,https://www.elcolombiano.com/antioquia/gobernacion-de-antioquia-alerta-por-muertes-violentas-de-menores-de-edad-GH13144727,newspaper_uid,www.elcolombiano.com,7,40
d720a873f51e3301de466c6c3112c9b5,  Número de indígenas contagiados con covid-19 asciende a 773: Onic ,paz y derechos humanos,https://www.elcolombiano.com/colombia/paz-y-derechos-humanos,newspaper_uid,www.elcolombiano.com,3,5
79e2bb5a769d4c7752a07d5d2788ade9,  Número de indígenas contagiados con covid-19 asciende a 773: Onic ,colombia,https://www.elcolombiano.com/colombia,newspaper_uid,www.elcolombiano.com,1,5
ea67d3fe2ebdd39fc2ee572ea1f77610,"    La paz no ha florecido todavía en Ituango. No lo hizo cuando varios de sus pobladores reclamaron acceso a tierras en los 80 ni cuando se desmovilizaron los paramilitares en 2005 ni cuando un Acuerdo de Paz en 2016 acabó con la guerrilla de las Farc, enquistada en sus montañas. La asediada tierra ituanguina, estratégica para consolidar el corredor que conduce de Venezuela al mar Caribe, atravesando a Colombia de oriente a occidente, se volvió de nadie con la salida de las Farc, lo que aumentó el apetito...    ", La eterna lucha ilegal que padecen los ituanguinos  ,https://www.elcolombiano.com/colombia/la-eterna-lucha-ilegal-que-padecen-los-ituanguinos-AH13140440,newspaper_uid,www.elcolombiano.com,5,39
0a22e636b7ce281fa7791d7b7c66f5f8,  Número de indígenas contagiados con covid-19 asciende a 773: Onic ,seguridad,https://www.elcolombiano.com/antioquia/seguridad,newspaper_uid,www.elcolombiano.com,1,5
4323f2304f21535c80040935c13362d2,"    El Juzgado 15 con función de Conocimiento del Circuito de Bogotá condenó a 28 meses de prisión al extécnico de la selección Colombia femenina sub-17 Didier Luna, por el delito de injuria por vía de hecho. El hombre deberá cancelar una multa de 15 Salarios Mínimos Mensuales Legales Vigentes por los hechos ocurridos entre diciembre de 2017 y marzo de 2018. La Fiscalía y la Procuraudría no apelaron la decisión mientras que la defensa de Luna, lo hará durante los próximos cinco días. El delito por el que...    "," Por injuria, 28 meses de prisión a extécnico de Selección acusado de acoso ",https://www.elcolombiano.com/deportes/futbol-colombiano/didier-luna-extecnico-de-seleccion-femenina-acusado-de-acoso-sexual-pagara-28-meses-de-prision-por-injuria-LH13144807,newspaper_uid,www.elcolombiano.com,7,43
6339bc74c504445152444c2d6f40f584,"    Un sueño hecho realidad, así califica Felipe Peláez su nuevo álbum Lo Mejor ¡En Vivo! que estrenó el fin de semana y que grabó el año pasado en La Macarena. Son 12 temas, en los que aparecen título tan conocidos como Borracha, Loco y Vestirte de amor, que han marcado la historia musical del artista que desde hace varios años se radicó en Antioquia, en la zona de Llanogrande. Aprovecho este tiempo de cuarentena para condicionar un espacio en su casa para montar un pequeño estudio de grabación, desde...    ", Lo mejor de Felipe Peláez es en vivo ,https://www.elcolombiano.com/cultura/musica/pipe-pelaez-estrena-su-nuevo-album-lo-mejor-en-vivo-OH13142369,newspaper_uid,www.elcolombiano.com,4,48
f4111cf4d0d650314ca833cfb8657cad,"    El ministro de Salud, Fernando Ruiz Gómez, confirmó que al finalizar la semana su cartera emitirá los protocolos de bioseguridad para que deportes como el fútbol y las 17 disciplinas individuales que hacen parte del primera fase de reapertura, vuelvan a actividades.  Esta semana salen dos protocolos, el del fútbol profesional y el protocolo de los deportes en general, expresó el jefe de cartera a Blu Radio.  Lea aquí: Regreso de la Liga, embolatado El ministro Ruiz agregó que para la reanudación se...    ", Luz verde: Minsalud emitirá esta semana protocolos del fútbol y 17 disciplinas ,https://www.elcolombiano.com/deportes/otros-deportes/ministro-de-salud-afirma-que-esta-semana-se-emitiran-los-protocolos-de-futbol-IH13142479,newspaper_uid,www.elcolombiano.com,8,45
27ab39e5189ae003fe718ec8a2932820,"    La Alcaldía de Medellín anunció una nueva modificación en su gabinete municipal, esta vez para el caso del Departamento Administrativo de Gestión del Riesgo de Desastres (Dagrd). Se trata de Alethia Arango Gil, quien será la nueva directora del Dagrd, en reemplazo de Ricardo Mora Díez.   Podría leer: Lo más difícil aún está por llegar y cada día nos preparamos: Quintero  Arango Gil es abogada, especialista en Derecho Administrativo de la Universidad de Medellín y en Servicios Públicos Domiciliarios...    ", Otro cambio en el gabinete de Medellín: Dagrd tiene nueva directora ,https://www.elcolombiano.com/antioquia/nueva-directora-del-dagrd-alethia-arango-gil-otro-cambio-en-gabinete-de-daniel-quintero-IH13143597,newspaper_uid,www.elcolombiano.com,6,45
b02c887d9dbd98630110935bff439047,"    La confianza del consumidor en mayo sigue en terreno negativo (-34 %), pero mejoró frente al resultado de abril cuando alcanzó el 41,3 %, cuando llegó a su punto más bajo desde 2001, lo que reflejaba el estado de opinión de las medidas de la cuarentena estricta que estaba viviendo el país, según reglejaron las cifras de Fedesarrollo. Le puede interesar: Confianza del consumidor en su punto más bajo desde 2001  La explicación de la mejora del indicador se da debido a un incremento el incremento observado...    "," Confianza del consumidor, ¿empezó senda de recuperación? ",https://www.elcolombiano.com/negocios/economia/confianza-del-consumidor-mejoro-en-mayo-de-2020-segun-fedesarrollo-AH13142323,newspaper_uid,www.elcolombiano.com,4,39
a9adf7d2f759a958f22460460661c185,"    El Departamento Administrativo del Sistema de Prevención, Atención y Recuperación de Desastres de la Gobernación de Antioquia Dapard reportó afectaciones en cerca de 40 viviendas de Necoclí, en el Urabá antioqueño. Según información entregada por el Consejo Municipal de Gestión del Riesgo de Desastres, CMGRD, del municipio, la emergencia se presentó en los barrios La Primavera y Cristóbal Colón.  Vea también: Alerta en siete subregiones de Antioquia por lluvias De acuerdo con el Centro Regional de...    "," Por fuertes vientos, 40 viviendas sufrieron daños en Necoclí ",https://www.elcolombiano.com/antioquia/emergencia-en-necocli-en-40-viviendas-por-fuertes-vientos-CH13141164,newspaper_uid,www.elcolombiano.com,6,41
28004c5aff54703df851268e83cbc4af,"    Luego de casi seis horas de discusión este martes, tras superar las dificultades planteadas por la recusación del lunes, la Comisión Primera del Senado aprobó en séptimo debate el proyecto de acto legislativo, el cual busca modificar la constitución, para establecer la cadena perpetua en el país contra violadores y asesinos de niños.  Hacia las 10:00 de la mañana fueran rechazadas las dos solicitudes de archivo del proyecto, que eran acompañadas por senadores como Gustavo Petro, Julián Gallo, Angélica...    ", Cadena perpetua pasa a último debate en el Senado  ,https://www.elcolombiano.com/colombia/cadena-perpetua-en-colombia-paso-a-octavo-debate-en-el-senado-FH13143677,newspaper_uid,www.elcolombiano.com,6,45
df930327c255d99dbb43dccd185515a5,"    Un caso de hurto por raponazo a una ciudadana en Itagüí, sur del Aburrá, terminó con un cerco epidemiológico que implicó tanto al presunto ladrón como a los agentes de la policía que lo pusieron tras las rejas.  Así lo confirmaron las autoridades policiales del Valle de Aburrá al detallar que los hechos que desencadenaron la investigación ocurrieron el pasado fin de semana: Ocurrió en la zona industrial de Itagüí donde un sujeto hurta un celular a una señora y posteriormente es capturado por la policía....    ", La captura por robo en el Valle de Aburrá que terminó en un cerco epidemiológico ,https://www.elcolombiano.com/antioquia/seguridad/captura-en-itagui-de-persona-con-coronavirus-KH13147739,newspaper_uid,www.elcolombiano.com,7,42
b1e3e93c1fa5fa0e8192d5417f08d08f,  Número de indígenas contagiados con covid-19 asciende a 773: Onic ,movilidad,https://www.elcolombiano.com/antioquia/movilidad,newspaper_uid,www.elcolombiano.com,1,5
5d413df617d9b906516dded2ef65cf6d,"    El técnico español Juan Manuel Lillo, quien dirigió a Atlético Nacional en 2017, se vinculó este martes al Manchester City como segundo entrenador de Pep Guardiola.  Lillo llega a la disciplina del City después de haber dirigido al Qingdao Huanghai, con el que se proclamó campeón de la Segunda División china y al que ascendió a la Superliga de ese país.  Estoy encantado de incorporarme al equipo técnico del Manchester City. Mi relación con Pep viene de hace muchos años y estoy muy feliz por unirme...    ", El polémico Juan Manuel Lillo ya se unió al Manchester City ,https://www.elcolombiano.com/deportes/futbol-europeo/juan-manuel-lillo-se-unio-al-manchester-city-NH13143079,newspaper_uid,www.elcolombiano.com,7,46
440b52230f1190a0ebf1b43fb9b2a698,"    Militares y Policía tratan de establecer el paradero de la cabo primero del Ejército, Nubia Alejandra López Correa, quien desapareció en extrañas circunstancias el pasado domingo cuando fue a visitar una amiga en el barrio Las Flores, en Saravena (Arauca). Según el reporte de los militares conocido por EL COLOMBIANO, López regresaba en su motocicleta cuando fue interceptada por tres hombres que también se movilizaban en motos y le pidieron que los acompañara. Desde ese momento se desconoce la situación...    ", Denuncian desaparición de mujer militar en Arauca ,https://www.elcolombiano.com/colombia/paz-y-derechos-humanos/secuestran-a-mujer-militar-en-arauca-FH13142351,newspaper_uid,www.elcolombiano.com,5,41
f2887e090617b172f947228265bf092b,"    Un fiscal de la Dirección Especializada de Extinción del Derecho de Dominio impuso medidas cautelares de embargo, secuestro y suspensión del poder dispositivo sobre siete inmuebles y lotes por más de 35.000 millones de pesos de Alex Saab. Estos bienes, ubicados en sectores exclusivos de Barranquilla, harían parte del patrimonio ilícito que constituyó el empresario a través de operaciones financieras irregulares según informó la Fiscalía este martes en un comunicado. Entre los predios están: una mansión...    ", Extinción de dominio a bienes por 35.000 millones del empresario Alex Saab ,https://www.elcolombiano.com/colombia/extincion-de-dominio-a-bienes-del-empresario-alex-saab-JH13141080,newspaper_uid,www.elcolombiano.com,7,43
314f46478c024c300e98db2797148b87,"    A los anuncios del lunes de que las ligas de Perú y Paraguay volverían a competencia el próximo mes, este martes se sumó el campeonato de fútbol uruguayo, que se reanudará el 15 de agosto, según informó el Gobierno de ese país, aunque dirigentes y jugadores esperan que, dado el éxito en el control de pandemia de coronavirus en el país, el retorno pueda adelantarse. A partir del 15 de agosto arranca la competencia oficial de fútbol profesional uruguayo, indicó en un comunicado la Secretaría Nacional...    ", Las tres ligas de Suramérica que ya tienen fecha de reanudación  ,https://www.elcolombiano.com/deportes/futbol/paraguay-peru-y-uruguay-primeras-ligas-de-futbol-que-reanudarian-en-suramerica-HH13142063,newspaper_uid,www.elcolombiano.com,5,43
d030cd867fca912a3413efcbe29988fe,"    José Andrés Romero, director de la Dirección de Impuestos y Aduanas Nacionales (Dian), sostuvo que las medidas tributarias implementadas por el Gobierno durante la emergencia, para beneficiar a los contribuyentes, suman alrededor de 10 billones de pesos. En su intervención en el programa Prevención y Acción de la Presidencia de la República, el funcionario comentó que la intención ha sido salvar a las empresas, al sector económico y particularmente en salvar los puestos de trabajo. Le puede interesar:...    ", Beneficios a contribuyentes suman $10 billones: Dian  ,https://www.elcolombiano.com/negocios/economia/dian-presenta-balance-de-acciones-para-favorecer-a-contribuyentes-JH13147718,newspaper_uid,www.elcolombiano.com,5,39
8ade1080fdb0740ab91b1cd238114e6a,"      Luego de cumplir cerca de tres meses con los cursos pedagógicos suspendidos por la pandemia, la Secretaría de Movilidad de Medellín anunció que reabre buena parte de sus trámites, pero en canales virtuales.  Así lo anunció este martes, al detallar que trámites como los cursos pedagógicos para infractores, las audiencias de tránsito, la notificación de comparendos y los trámites relacionados con el Registro Municipal estarán disponibles desde el miércoles 10 de junio: Quienes tenían agenda asignada para marzo, abril, mayo y junio podrán ingresar a www.medellin.gov.co/movilidad, donde encontrarán un cuestionario de competencias en seguridad vial y normatividad del Código Nacional de Tránsito, que deberán realizar en línea, indicó la entidad en un comunicado. Los cursos pedagógicos fueron suspendidos desde mediados de marzo para evitar aglomeraciones de personas dentro del contexto de la pandemia. Carlos Alberto Marín Marín, subsecretario de Seguridad Vial y Control, explicó que estos trámites no se realizaban desde el pasado 17 de marzo e indicó que el propósito es prestar un servicio a la ciudadanía con seguridad y eficacia. La Secretaría de Movilidad explicó además que los cursos aplican para los ciudadanos que recibieron comparendos pedagógicos en Medellín y que ya tenían una cita programada antes de comenzar la cuarentena.   Se exceptúan aquellos trámites que requieran del registro de inscripción por primera vez ante el RUNT, debido a que no se cuenta todavía con la autenticación digital y/o física de los usuarios, indicó la dependencia.    ", Secretaría de Movilidad de Medellín habilita trámites por canales virtuales  ,https://www.elcolombiano.com/antioquia/movilidad/secretaria-de-movilidad-de-medellin-habilita-tramites-por-canales-virtuales-PH13145192,newspaper_uid,www.elcolombiano.com,7,123
190422d634b4d351a0088628b413f3b7,  Número de indígenas contagiados con covid-19 asciende a 773: Onic ,internacional,https://www.elcolombiano.com/internacional,newspaper_uid,www.elcolombiano.com,1,5
ca88831e9d8910cdcd05836ce3337fcb,"    El alcalde de Medellín, Daniel Quintero Calle, manifestó que las autoridades avanzan en la consolidación de un plan piloto de reapertura de restaurantes que está a la espera de la autorización del Gobierno Nacional. Anunció que durante el día sin IVA, programado para el próximo viernes 19 de junio, no se tendrá pico y cédula en Medellín, con el fin de facilitar que los consumidores adquieran los productos y servicios y que el sector empresarial se vea beneficiado con la jornada.  Hoy en Medellín...    ", Quintero anunció que en el día sin IVA no habrá pico y cédula en Medellín ,https://www.elcolombiano.com/antioquia/dia-sin-iva-no-habra-pico-y-cedula-en-medellin-PH13141097,newspaper_uid,www.elcolombiano.com,7,39
53ff66d619433745b4b1f66c0e2b13ad,"    El cantante y compositor español Pau Donés Cirera, vocalista del grupo Jarabe de Palo, falleció a los 53 años este martes. En su carrera dejó grandes éxitos para la música en español, sencillos como La flaca, Depende, Humo, El lado oscuro o Bonito. Lectura relacionada: Falleció Pau Donés, cantante de Jarabe de Palo Pau Donés nació el 11 de octubre de 1966 en la clínica Sagrada Familia de Barcelona (España), según indica en su libro autobiográfico 50 palos... y sigo soñando, aunque algunas...    "," Cinco canciones para recordar a Pau Donés, de Jarabe de Palo ",https://www.elcolombiano.com/cultura/musica/las-canciones-mas-escuchadas-de-pau-dones-en-youtube-GH13141869,newspaper_uid,www.elcolombiano.com,7,45
7e3f02978b9d16505faefe55b76fc6ad,"    Este miércoles se cumplen nueve años de la Ley de Víctimas, una norma que le fijó la meta al Estado de reparar en 10 años a alrededor de 8 millones de víctimas. Uno de los elementos claves de esa reparación es la restitución, una medida que busca devolver sus tierras a las personas que tuvieron que abandonarlas o que les fueron arrebatadas a causa de los violentos. De acuerdo con la Unidad de Restitución de Tierras, en cabeza del director Andrés Augusto Castro, a la fecha se han entregado en Colombia...    "," Ley de Víctimas cumple nueve años, ¿qué ha logrado ante la restitución? ",https://www.elcolombiano.com/colombia/paz-y-derechos-humanos/ley-de-victimas-cumple-nueve-anos-y-ha-logrado-restituir-380000-hectareas-AH13146886,newspaper_uid,www.elcolombiano.com,7,39
87231d069e68a3c8a10e9890589148e5,"    Horas antes de radicar ante la Corte Suprema de Justicia la solicitud de nulidad para la medida de aseguramiento en su contra, Aníbal Gaviria Correa habló con EL COLOMBIANO sobre el proceso que hoy lo tiene suspendido de su cargo como gobernador de Antioquia.  Dijo que han sido días difíciles pero que está buscando la manera de sacar aprendizaje de ellos y agradeció el apoyo masivo que ha recibido de los gremios, políticos y ciudadanos en general.  ¿Cómo se enteró de la orden de la Fiscalía de privarlo...    ", En la Fiscalía no hay garantías: Gaviria ,https://www.elcolombiano.com/antioquia/entrevista-a-anibal-gaviria-sobre-apelacion-ante-la-corte-suprema-y-su-orden-de-detencion-emitida-por-fiscalia-FA13139905,newspaper_uid,www.elcolombiano.com,2,40
c1144be4379e028825496e30558d6028,"    Ocho médicos que laboran en la misma clínica donde se desempeña el médico José Buelvas, quien recibió coronas de rosas fúnebres en la clínica y en su hogar, renunciaron por temor ante este tipo de intimidaciones.  La información se la confirmó a EL COLOMBIANO la Federación Médica Colombiana. Sobre este hecho, la vicepresidenta de la Federación, Carolina Corcho, llamó la atención para que se proteja al personal de la salud y les recomendó a los funcionarios de gobierno evitar comentarios que puedan...    ", Renuncian médicos por temor en el Atlántico ,https://www.elcolombiano.com/colombia/colegas-del-medico-buelvas-del-atlantico-renunciaron-por-temor-AH13146868,newspaper_uid,www.elcolombiano.com,4,41
290ed710b4cf4bccb0dfebc2f6a888e5,"    Las autoridades incautaron 4,9 toneladas de cocaína que estaban camufladas en un cargamento de caucho en el puerto de Buenaventura, el principal del país en el océano Pacífico, y que tenía como destino Turquía, informó este martes la Policía. La Policía (...) ha realizado un decomiso supremamente importante: 4.928 kilos de clorhidrato de cocaína se encontraban mezclados a través de caucho granulado en un cargamento que iba hacia Turquía, aseguró el director de la Policía Antinarcóticos, el general...    "," Incautan 4,9 toneladas de cocaína en el puerto de Buenaventura ",https://www.elcolombiano.com/colombia/decomiso-de-49-toneladas-de-cocaina-en-puerto-de-buenaventura-PH13145912,newspaper_uid,www.elcolombiano.com,5,39
5ee56d5c3ea44a1c95ad006568ed66a8,"    El antioqueño Santiago Arias, defensor del Atlético de Madrid, expresó este lunes las ganas del equipo de volver a la competición, explicó que hacía mucha falta y advirtió de la complejidad del encuentro del próximo domingo contra el Athletic Club, que será un rival difícil, que le gusta jugar y atacar en espacios por fuera.  Ya era hora, hacía mucha falta, ya queríamos regresar y jugar, creo que todos los jugadores y todos los equipos igual. Va a ser bonito y va a ser como empezar una temporada...    "," Ya queríamos regresar y jugar, hacía mucha falta: Arias ",https://www.elcolombiano.com/deportes/futbol-europeo/santiago-arias-del-atletico-de-madrid-esta-deseoso-de-jugar-en-el-regreso-de-la-liga-JH13141181,newspaper_uid,www.elcolombiano.com,6,44
f05c603957a9792a30fd13ca41726216,"    Mario Balotelli volvió este martes a la ciudad deportiva del Brescia italiano con intención de entrenar de nuevo, tras no poder hacerlo por una gastroenteritis, pero a su llegada al recinto un empleado del club le impidió entrar, en otro capítulo de la tensa relación entre el delantero y el equipo lombardo.  Ahora diréis que no quiero entrenar, dijo el jugador en tono irónico a los periodistas presentes en Torbole Casaglia, lugar de entrenamiento del Brescia, según recogen los medios italianos....    ", Mario Balotelli llegó a entrenar pero no lo dejaron entrar a la sede del Brescia ,https://www.elcolombiano.com/deportes/futbol-europeo/mario-balotelli-llego-a-entrenar-con-el-brescia-pero-no-lo-dejaron-entrar-a-la-sede-JH13141448,newspaper_uid,www.elcolombiano.com,8,44
2519728e16092d4f2e4c03b9b3f59524,"      MARTES 9 DE JUNIO, 7:00 P.M.   La Dirección Seccional de Salud de Antioquia confirmó este martes 75 nuevos casos por coronavirus en el departamento con lo que la cifra asciende ya a 1.648, de los cuales 934 (56 %) son casos activos. El informe indica además que los 75 nuevos casos se registraron 35 en Medellín, 13 en Ituango, 9 en Bello, 7 en Carepa, 3 en Copacabana, 2 en Itagüí, 1 en Sabaneta, 1 en Salgar, 1 en Valdivia, 1 en La Estrella, 1 en Giraldo y 1 en Envigado.  Como dato relevante sobresale además que Salgar (Suroeste) reportó su primer caso positivo de covid-19.    De los 1.648 casos positivos en el departamento, 611 son mujeres y 1.037 son hombres. La Seccional de Salud de Antioquia totalizó además que hay 28 pacientes hospitalizados: 10 en Unidad de Cuidado Intensivo, UCI, y 18 en hospitalización general.    #ReporteCOVID19 ?? Para este 9 de junio, confirmamos en Colombia:107 recuperados1.359 nuevos casos64 fallecidos11.145 muestras procesadasPara un total de:16.534 recuperados 42.078 casos de COVID-19 1.372 muertes 432.870 muestras procesadashttps://t.co/6qWMUertKy pic.twitter.com/WZ4U2Z5uMU MinSaludCol (@MinSaludCol)                June 9, 2020     Estas son las cifras de los casos de coronavirus covid-19 confirmados en Antioquia, según el más reciente informe del Ministerio de Salud. Conozca el origen de los contagios, la edad de las personas que lo tienen y la ciudad donde se presentaron. Si no puede ver los gráficos correctamente, haga clic aquí.      Navegue la sección para ver más gráficos sobre el coronavirus covid-19  Infogram    LUNES 8 DE JUNIO, 5:00 P. M.  La Dirección Seccional de Salud de Antioquia reportó este lunes 55 nuevos casos de covid-19 en el departamento de Antioquia. Según el nuevo informe, ya son 1.573 personas afectadas por el coronavirus. La información oficial registró, además, una particularidad y es que bajó de diez a siete el número de fallecidos en el departamento, pues, según las autoridades, se confirmó que esos tres pacientes tenían covid-19, pero esa no fue la causa del deceso. Respecto a las personas fallecidas en el departamento por covid-19, el Instituto Nacional de Salud (INS) indica que para Antioquia hay siete personas que murieron por esta causa. Por esa razón, los tres adicionales reportados en días pasados por la Secretaría de Salud, se retiran del reporte dado que, aunque estaban infectadas por coronavirus, la enfermedad no fue la causa de su fallecimiento. Los casos que se retiran corresponden a Caucasia, Copacabana y Bello, indicó la Seccional de Salud. El reporte oficial indica que de los 1.573 casos positivos, hay a la fecha 915 casos activos, y anota que la cifra de personas recuperadas llega a 648. De los activos, en Medellín hay 270 casos y los 645 restantes están distribuidos en 28 municipios del departamento así: Ituango (255), Carepa (134), Turbo (81), Bello (66), Apartadó (11), Sabaneta (6), Copacabana (18), Itagüí (15), Támesis (6), Marinilla (3), Chigorodó (5), Yolombó (3), La Estrella (2), Envigado (11), Frontino (2), Valdivia (1), San Roque (1), Caucasia (1), Rionegro (2), Caldas (2), Donmatías (1), Arboletes (1), Yarumal (1), Barbosa (3), Santa Fe de Antioquia (1), Nechí (1), Tarazá (1) y La Ceja (11). A la fecha hay 27 pacientes hospitalizados en Antioquia por covid-19: 10 en unidad de cuidado intensivo (UCI) y 17 en hospitalización general. También hay pacientes internados provenientes de Chocó y Tolima.  Puede leer: Tres municipios de Antioquia reportan primeros casos de nuevo coronavirus La jornada de este lunes tuvo otro particular: Yarumal (Norte), Arboletes (Urabá) y Tarazá (Bajo Cauca) confirmaron sus primeros casos positivos. Sobre el caso de Yarumal se refirió el alcalde Miguel Peláez Henao, quien confirmó que una persona registró síntomas desde el pasado jueves (4 de junio) y este lunes recibieron la confirmación de que dio positivo para el virus. En Arboletes, según la administración municipal, el primer caso confirmado es el de un hombre, de 56 años, que se encuentra estable, pero hospitalizado por fuera del municipio. El tercer municipio que registró su primer caso de coronavirus fue Tarazá. Allí, el alcalde Miguel Ángel Gómez confirmó pasado el mediodía que fueron notificados sobre el primer caso en la localidad y que se trata de un adulto de tercera edad. Fui informado que Tarazá ya tiene el coronavirus. A partir de este momento nos cambia un poco la vida y las circunstancias nos obligan a tener otras directrices. Hay que cuidarnos más. Volveremos al pico y género, dijo el alcalde. Las autoridades de salud de Tarazá confirmaron, además, que la muestra del paciente, quien resultó asintomático, se había realizado desde el pasado 24 de mayo, por lo que deberán evaluar si aún se encuentra activo el virus o si la persona ya está recuperada. DOMINGO 7 DE JUNIO, 5:40 P.M.  Antioquia confirmó 67 casos nuevos de personas que contrajeron el nuevo virus. De ellos hay (19) en Turbo, (16) en Medellín, (10) en Carepa, (7) en Bello, (3) en Envigado, (3) en Chigorodó, (2) en Barbosa, (2) en Apartadó, (2) en Itagüí, (2) en Copacabana y (1) en Sabaneta. Con lo que indica reporte, el departamento alcanza 1.518 personas afectadas por el coronavirus en lo que va de la pandemia. De ellos, 892 casos permanecen activos y la cifra de personas recuperadas llega a 616. Hay (21) pacientes hospitalizados: (7) en Unidad de Cuidado Intensivo, UCI, y (14) en hospitalización general. En lo relacionado con los pacientes provenientes de otros departamentos y que están hospitalizados hay (8) personas, de ellos (5) están en UCI y (3) en habitación general. Del total de muestras procesadas en Colombia, Antioquia tiene el 12.3%, es decir que, de las 399.505 procesadas en el país, en Antioquia se han procesado en total 49.111 muestras. De estas últimas, 43.323 han resultado negativas.  SÁBADO 6 DE JUNIO, 5:30 P.M. El departamento reportó 91 casos más de coronavirus en el informe diario de contagios que se dio a conocer este sábado en Colombia. Con ellos, Antioquia llega a 1.451 personas portadoras del nuevo virus. El país procesó este sábado más de 12.500 muestras y superó la barrera de los 38 mil contagios. Del total de nuevos casos en Antioquia, Ituango es nuevamente el municipio con más positivos. Así se distribuyen: (45) en Ituango, (17) en Turbo, (13) en Medellín, (7) en Carepa, (4) en Bello, (1) en Nechí, (1) en Copacabana, (1) en Caldas, (1) en La Estrella y (1) en Itagüí. Hay que recordar que pese a que son 1.451 las personas a las que se les ha detectado el virus, 600 se han recuperado, por lo que los contagios activos en el departamento se reducen a 841 casos. Pese que en el más reciente informe del INS no se establecía nuevas muertes en Antioquia, el reporte de la Secretaría de Salud de la Gobernación contabiliza dos decesos más de personas en Bello y Medellín. Con ellos la cifra total de muertes por coronavirus en Antioquia se eleva a 10. El informe de la Gobernación también se reporta que hay (21) pacientes hospitalizados: (7) en Unidad de Cuidado Intensivo, UCI, y (14) en hospitalización general. Como novedad se reporta que Antioquia tiene hoy, adicionalmente, (9) personas hospitalizadas procedentes de otros departamentos: Chocó y Tolima. De ellos, (6) están en UCI y (3) en habitación general. De acuerdo con Martha Londoño, epidemióloga de la Secretaría Seccional de Salud de Antioquia, esto se debe a que Medellín y el Área Metropolitana tienen hospitales de más alta complejidad con capacidad para la atención de pacientes contagiados con Covid-19 y, por eso, los pacientes de otros departamentos son remitidos hasta aquí para prestarles soporte médico. Es de aclarar que estos pacientes no son reportados para el departamento.  VIERNES 5 DE JUNIO, 5:00 P.M.  El departamento de Antioquia alcanzó la cifra de 1.360 personas contaminadas por la enfermedad covid-19, según el más reciente informe del Ministerio de Salud. La dependencia indicó que en las últimas 24 horas se detectaron 32 contagios nuevos y se presentó la muerte de una persona en el municipio de Caucasia, con lo que el total de víctimas llegó a ocho en la región.  La fallecida fue una mujer atropellada en un accidente vial en esa localidad del Bajo Cauca. Fue trasladada a un hospital en la vecina ciudad de Montería (Córdoba), donde los médicos corroboraron que además de las lesiones, padecía coronavirus. De los últimos contaminados con esta peste, la mayoría son de Medellín (14), Bello (9) y Carepa (3). La Gobernación anunció que hoy Santa Fe de Antioquia reporta su primer caso de contagio. Del total de afectados, 586 ya lograron recuperarse. Eso implica que hay 766 casos activos, los cuales golpean principalmente a Medellín (249), Ituango (213), Carepa (116), Bello (55), Turbo (46), Apartadó (12), Copacabana (15) e Itagüí (8). La cantidad de personas hospitalizadas ascendió a 19, con siete de ellas en cuidados intensivos, de acuerdo con Marta Londoño, epidemióloga de la Secretaría Seccional de Salud de Antioquia. Puede leer: Invima responde por el tema de ventiladores mecánicos hechos en Medellín  JUEVES 4 DE JUNIO, 5:30 P.M.  El Ministerio de Salud de Colombia informó que Antioquia llegó a los 1.328 casos de pacientes con coronavirus confirmados, desde que la pandemia llegó en marzo procedente de China. Según la entidad, en las últimas 24 horas se registraron 68 contagios nuevos en el departamento, sin muertes que lamentar.   La Gobernación detalló que de esta reciente lista, 42 casos son del municipio de Carepa, 14 de Medellín y cuatro de Bello, entre otros. Llama la atención que, con cuatro enfermos, Támesis ingresó por primera vez al conjunto de localidades paisas alcanzadas por la pandemia. De los 758 pacientes con el virus activo en sus cuerpos (563 ya se recuperaron), la mayoría están bajo aislamiento en: Medellín (245 casos), Ituango (219), Carepa (114), Bello (48), Turbo (46), Copacabana (14) y Apartadó (13), por enunciar los más afectados. En hospitales continúan 17 ciudadanos, siete de ellos en condición delicada en unidades de cuidados intensivos. Cuatro mujeres y tres hombres han muerto por covid-19, según Martha Londoño, epidemióloga de la Secretaría Seccional de Salud de Antioquia. Puede leer: El lío para ejercer el cerco epidemiológio en un barrio de Medellín  MIÉRCOLES 3 DE JUNIO, 5:40 P.M.  Antioquia llegó a la cifra de 1.260 personas contagiadas por la enfermedad covid-19, de acuerdo con el más reciente informe del Ministerio de Salud. La entidad señaló que en las últimas 24 horas se registraron 60 casos nuevos, aunque por fortuna nadie falleció. De esos, 25 fueron en el municipio de Turbo, donde persiste el brote que afecta a un cantón de las Fuerzas Armadas (solo uno de los enfermos es civil, los otros son militares); otros 16 fueron en Medellín y cuatro en Bello, por citar los lugares con más gente diagnosticada en esta ocasión. Hubo un caso en Caucasia, por primera vez, lo que implica que el coronavirus acabó de llegar a la subregión del Bajo Cauca; la única que todavía no ha sido contaminada es el Magdalena Medio. De todos los casos registrados, hay 709 activos y 542 recuperados, según la Gobernación de Antioquia. En el top 5 de las localidades con más pacientes con virus activos, están: Medellín (244 casos), Ituango (226), Carepa (73), Turbo (44) y Bello (44). Martha Londoño, epidemióloga de la Secretaría Seccional de Salud de Antioquia, contó que hay 18 ciudadanos hospitalizados, siete de ellos en unidades de cuidados intensivos. A la fecha han muerto siete personas por la covid-19 en el departamento (cuatro mujeres y tres hombres). Puede leer: El indicador clave y el límite que fijó Antioquia para no volver a otra cuarentena  MARTES 2 DE JUNIO, 5:30 P.M.  El Ministerio de Salud reportó que en las últimas 24 horas se registraron 29 nuevos contagios de coronavirus en Antioquia, con lo que el departamento llegó a 1.200 pacientes diagnosticados. De nuevo, la Gobernación de Antioquia presentó unas cifras distintas a las del Gobierno Nacional, al señalar que van 1.199 casos acumulados y que en el último día fueron 31 registros. Alegó que la diferencia se debe a que hay casos en verificación. Los diagnósticos más recientes están repartidos así: 24 en Medellín, tres en Bello, uno en Copacabana, uno en La Ceja, uno en San Roque y otro en Valdivia; en estos dos últimos municipios, es la primera vez que se reporta un contagio. La Administración Departamental añadió que hay 682 casos activos y que ya se recuperaron 510 personas. De los activos, en Medellín hay 245 casos, en Ituango 231, en Carepa 72 y en Bello 42, por citar los lugares más contaminados. En estos momentos hay 17 pacientes hospitalizados, seis de ellos en unidades de cuidados intensivos. De otro lado, la Gobernación informó que para contener la expansión de la enfermedad, implementará un modelo alemán de atención domiciliaria.  La estrategia consiste en que los pacientes que tienen un alto riesgo de llegar a hospitalización, de tener complicación por su edad, por sus comorbilidades o alguna otra condición, sean monitoreados a tiempo, antes de que deban llegar a las Unidades de Cuidado Intensivo. Se ha visto que hay pacientes que aparentemente están bien, llegan al hospital y se les hace una valoración de la oxigenación en la sangre y aparece baja, a eso se le ha catalogado como hipoxia feliz; es decir, que el paciente no tiene buena oxigenación, pero no lo manifiesta y cuando ya aparece es porque se ha deteriorado demasiado y hay que ingresarlo a la UCI, comentó Luis Enrique Valencia, coordinador para la Atención por Telemedicina y Domiciliaria de la Sala de Análisis del Riesgo. El informe de la Administración Regional precisó que el modelo propuesto por Sura para Antioquia y la Alcaldía de Medellín ya ha sido acogido por todas las aseguradoras que hacen presencia en el departamento. Los pacientes beneficiados con este modelo serán atendidos por telemedicina, revisiones caseras y, de ser necesario, con la instalación de balas de oxígeno en sus hogares.  Puede leer: Ventiladores mecánicos hechos en Medellín pueden ser usados en casos críticos.  LUNES PRIMERO DE JUNIO, 6:00 P.M.  El departamento de Antioquia llegó a los 1.171 contagios confirmados de covid-19, de acuerdo con el más reciente informe del Ministerio de Salud. En las últimas 24 horas hubo 68 nuevos casos, tras la realización del respectivo diagnóstico. Frente a esa cifra, la Gobernación de Antioquia considera que son 1.168 y que la la diferencia en la totalidad del número de casos respecto a lo emitido por el Ministerio, se da debido a que hay casos en verificación en el departamento, según un comunicado expedido hace un momento. De los diagnósticos emitidos en esta última tanta, la Administración Regional indicó que hay 39 en Ituango, 17 en Carepa, siete en Copacabana, dos Medellín y de a uno en Bello y Barbosa. Todos previamente identificados, puestos en aislamiento y bajo la vigilancia epidemiológica correspondiente, según la Gobernación. En este momento hay 658 casos activos y 503 ya se recuperaron; de los activos, en Ituango hay 234, 225 en Medellín, 72 en Carepa y 39 en Bello, por citar las cuatro localidades más afectadas. Antioquia ha procesado a la fecha el 13% del total de pruebas en Colombia, es decir que de las 331.817 procesadas en el país, en Antioquia se han procesado en total 41.755 muestras. De estas últimas, 37.666 han resultado negativas, complementó la Gobernación. Actualmente hay 20 personas hospitalizadas, seis de ellas en unidades de cuidados intensivos. Entretanto, en Medellín continúan las restricciones especiales en la comuna de Santa Cruz, donde en las últimas semanas se activó un brote preocupante de coronavirus, equivalente al 12% de los casos activos en la ciudad. Puede leer: Líderes de Santa Cruz exigen mucho más que militarizar y encerrar el sector  DOMINGO 31 DE MAYO, 5:40 P.M.  Los reportes del Instituto Nacional de Salud muestran que con 44 casos, Antioquia fue la octava región del país con mayor número de contagios de coronavirus detectados en las últimas 24 horas. Sin embargo dos horas después la Gobernación de Antioquia reportó que eran 42 las contagiadas. A veces tenemos diferencias con lo reportado con el INS, pero se hacen ajustes al día siguiente, dijo Marta Londoño, epidemióloga de la Secretaría de Salud. Esos nuevos casos se reparten así: 18 en Medellín, 14 en Bello, 2 en Bello, 2 en Copacabana, 2 en Carepa, 2 en Envigado y uno en cada uno de los siguientes municipios; Amagá, Apartadó, Giraldo y La Estrella Así las cosas, serían 1.101 los contagios confirmados hasta la fecha. De ellos, 499 personas ya se declararon recuperadas; eso quiere decir que después de 14 o 21 días, su prueba de coronavirus dio negativa. L0s 595 casos activos están repartidos así: Medellín (224), Ituango (196), Carepa (55), Turbo (19), Bello (38), Apartadó (18), Sabaneta (5), Copacabana (8), Itagüí (3), Marinilla (4), Cañasgordas (2), Yolombó (2), La Estrella (3), Envigado (4), Frontino (1), Jericó (1), Rionegro (1), Caldas (1), Amagá (1), Giraldo (3), Barbosa (1) y La Ceja (5). Entre ellos hay seis pacientes internados en en Unidades de Cuidado Intensivo (UCI) y 12 en hospitalización general. Por ahora siguen activos tres focos de contagio en el territorio antioqueño: el de Ituango, concentrado en las obras de la hidroeléctrica; Santa Cruz, en Medellín, donde los habitantes de la parte baja de esa comuna están completamente aislados; y Urabá, donde los contagiados pertenecen a la Fuerza Pública. La cifra de muertos por la covid-19 se mantiene en siete casos.  SÁBADO 30 DE MAYO, 5:30 P.M.  El Instituto Nacional de Salud reportó que Antioquia tiene el 3,75 % de los casos de coronavirus en el país. En las últimas 24 horas se confirmaron 35 nuevos casos en el departamento, incluyendo los dos primeros casos en Cañasgordas. Con eso, el acumulado creció hasta 1.059 casos. La Secretaría Seccional de Salud de Antioquia reportó que hay 491 personas recuperadas y 18 pacientes hospitalizados: seis en Unidades de Cuidado Intensivo (UCI) y 12 en hospitalización general. Así las cosas, quedan 561 casos activos: Medellín (210), Ituango (195), Carepa (53), Bello (25), Turbo (19), Apartadó (18), Sabaneta (8), Copacabana (6), Itagüí (3), Marinilla (4), Cañasgordas (2), Yolombó (2), La Estrella (2), Envigado (2), Frontino (1), Jericó (1), Rionegro (1), Caldas (1), Giraldo (2), Barbosa (1) y La Ceja (5).  VIERNES 29 DE MAYO, 6:05 P.M.  La Secretaría Seccional de Salud de Antioquia y el Instituto Nacional de Salud reportaron que en las últimas 24 horas se detectaron 21 nuevos casos de coronavirus en el departamento, con lo que la cifra de contagiados asciende a 1.024. Marta Londoño, epidemióloga de la Secretaría, reportó que de la base de datos se eliminaron los datos de dos pacientes que estaban duplicados y que, una vez depurada la información, los nuevos casos se reparten así: 13 en Medellín, 4 en Bello, 2 en Copacabana, 1 en Caldas y 1 en Giraldo. Este último caso corresponde a un empleado de Zijin-Continental Gold, que explota la mina de oro de Buriticá. El empleado, informó la multinacional en un comunicado, se encontraba gozando de descanso remunerado desde hacía más de dos meses. De los 1.024 contagiados en Antioquia, 631 son hombres y 393 son mujeres. De ellos 483 ya se recuperaron y siete fallecieron. Así las cosas, quedan 534 casos activos que incluyen 12 personas aisladas en habitación de hospital y otras seis en salas de cuidados intensivos. Esos casos se reparten así: Ituango (193), Medellín (198), Carepa (52), Bello (21), Turbo (19), Apartadó (18), Sabaneta (7), Copacabana (6), Itagüí (4), Marinilla (4), Yolombó (2), La Estrella (2), Envigado (2), Frontino (1), Jericó (1), Rionegro (1), Caldas (1), Giraldo (1) y La Ceja (1). Las 483 personas recuperadas en el departamento están distribuidas así: Medellín (296), Bello (52), Envigado (31), Itagüí (17), Rionegro (12), Sabaneta (11), Copacabana (9), La Estrella (9), Apartadó (4), Caldas (5), Ituango (4), Guarne (3), Montebello (3), Sonsón (2), Turbo (2), Santa Rosa de Osos (2), La Ceja (2), Donmatías (2), Guatapé (2), Angostura (1), Cisneros (1), Amagá (1), El Retiro (1), El Bagre (1), El Santuario (1), Santo Domingo (1), Andes (1), El Carmen de Viboral (1), Frontino (1), Barbosa (1), Girardota (1), Caucasia (1), San Pedro de Urabá (1) y Cocorná (1). La próxima semana se activan nuevos frentes de trabajo. Hay mayor movilidad de la población y mayor riesgo de infectarnos. No salga si no es necesario. Niños y adultos es mejor que permanezcan en casa, dijo Londoño.   JUEVES 28 DE MAYO, 5:25 P.M.   El Instituto Nacional de Salud reportó que dentro de los 1.268 casos nuevos de coronavirus detectados en las últimas 24 horas en el país hay 48 correspondientes a Antioquia, aunque no detalló a cuáles municipios. Con estos nuevos casos, sumados a los 955 que había contabilizado la Secretaría Seccional de Salud de Antioquia, el departamento supera los mil positivos. Marta Londoño, epidemióloga de la Secretaría Seccional de Salud de Antioquia, reportó que en sus registros hay 50 casos positivos de covid-19, con lo que el conteo oficial llega a 1.005 contagiados. Estas cifras difieren un poco respecto al INS porque a veces se notifica algún paciente que no corresponde al departamento, dijo. Junto a ese informe, Londoño reportó que una paciente residente en Copacabana falleció por el virus. Le puede interesar: Tras 26 días, Antioquia registró otra muerte por coronavirus Los nuevos casos están repartidos así: Medellín (22), Ituango (12), Bello (7), Turbo (2 ajenos al brote de la Fuerza Pública), Sabaneta (2), Carepa (2), Marinilla (1) y Yolombó (2). Todos están en casa en aislamiento para evitar que otras personas se infecten, dijo. Así las cosas, y excluyendo a los 476 pacientes que ya se declararon como recuperados y dieron negativo en las pruebas, tenemos que Antioquia tiene 522 casos de covid-19 activos repartidos así: Ituango (195), Medellín (189), Carepa (52), Turbo (21), Apartadó (18), Bello (17), Sabaneta (8), Copacabana (4), Itagüí (4), Marinilla (4), Envigado (2), La Estrella (2), Yolombó (2) y Frontino,Rionegro, La Ceja y Jericó, con un caso cada uno. De ellos, 11 están aislados en habitaciones hospitalarias y seis permanecen en las unidades de cuidados intensivos.   MIÉRCOLES 27 DE MAYO, 8:40 P.M. Una reducción sustancial de nuevos casos positivos de covid-19 se registró en Antioquia este miércoles. El Instituto Nacional de Salud (INS) reportó a las 5:25 p.m. que se identificaron 27 nuevos casos, aunque no precisó en qué municipios estaban. Casi cuatro horas después, a las 9:14 p.m., la Secretaría Seccional de Salud de Antioquia informó que eran 24 y no 27, como informó el INS. El Instituto acumuló cinco casos que no hacen parte del departamento (dos del martes y tres del miércoles), y por eso hay una diferencia de cinco casos con respecto a la notificación del INS; explicó Marta Londoño, epidemióloga de la Secretaría. Así las cosas, según la Gobernación son 955 los contagios en Antioquia (y no 960 como reporta el INS), de los cuales 600 son hombres y 355 mujeres. Los nuevos casos se repartieron así: Medellín (14), Jericó (1), Frontino (1), Apartadó (1), Bello (2), Copacabana (1), La Ceja (1) e Ituango (3). Excluyendo los 461 recuperados, hoy los municipios con más casos de covid-19 son: Ituango (184), Medellín (183), Carepa (50), Turbo (19), Apartadó (16), Bello (9), Sabaneta (6), Copacabana (5), Itagüí (4), Envigado (3), Marinilla (3), La Estrella (2), y Rionegro, Jericó, Frontino y La Ceja, con un caso cada uno. La mayoría de pacientes tiene aislamiento en casa, pero hay 7 de ellos aislados en clínicas y 4 en unidades de cuidados intensivos, de acuerdo con el informe de la Gobernación. Los focos de contagio en Hidroituango y Urabá se mantienen y por eso se espera que este jueves en la mañana haya nuevos anuncios relacionados con las obras en la central hidroeléctrica.   MARTES 26 DE MAYO, 7:31 P. M.  Antioquia se acerca al millar de contagiados con coronavirus, luego de que la Secretaría Seccional de Salud (DSSA) confirmara 70 nuevos casos, muchos de ellos vinculados con los cuatro brotes activos que tiene el departamento: Hidroituango, Urabá, Santa Cruz (Medellín) y sur del Valle de Aburrá. Y es que, aunque un par de horas antes el Instituto Nacional de Salud (INS) reportó 72 contagiados nuevos en el departamento, Marta Londoño, epidemiólogoa de la DSSA, explicó que dos de esos casos corresponden a personas de otros departamentos. La cifra de contagiados en Antioquia llegó así a 931. Los nuevos casos positivos se repartieron así: en Ituango, correspondientes al brote que tiene lugar en el proyecto hidroeléctrico, se confirmaron 40 nuevos casos, con lo que la cifra de positivos en el sitio sube a 183. En el Urabá también hay más contagiados, pues Apartadó, Turbo y Carepa tienen dos casos cada uno. Estos casos corresponden a los brotes de los militares, dijo Londoño en referencia a miembros de la Armada y el Ejército que estuvieron en un barco nodriza que recorría el río Atrato en labores humanitarias y de entrega de ayudas a las comunidades. Así las cosas, Carepa ya acumula 50 contagiados; Turbo, 19, y Apartadó, 15. Envigado, Itagüí y Bello reportaron un nuevo caso cada uno y llegaron a tres, cuatro y siete casos, respectivamente. Los otros municipios que tienen casos activos de covid-19 son Copacabana (4), Rionegro (1), El Bagre (1), Sabaneta (6), La Estrella (2) y Marinilla (3). De los 931 contagiados, 343 son mujeres y 588 son hombres. Cinco de ellos están aislados en habitaciones de hospitales, cinco más se encuentran en salas de cuidados intensivos y los demás están en sus respectivas viviendas. Las cifras van aumentando, por favor no se exponga a riesgo innecesariamente. Si no trabaja no salga a la calle, no lleve a los niños a jugar con otros niños. Cuídese usted para que cuide a su familia, agregó Londoño. Le puede interesar: Antioquia tiene cuatro de los 30 brotes de covid-19 activos en el país  LUNES 25 DE MAYO, 5:30 P.M  Antioquia llegó a la cifra de 861 personas contaminadas por la enfermedad covid-19, luego de que en las últimas 24 horas se diagnosticaran 141 nuevos casos, según la más reciente medición del Ministerio de Salud. Esta es la tasa de contagios más alta en un solo día, desde que comenzaron los análisis de laboratorio en la región. Las autoridades continúan haciendo el seguimiento epidemiológico a los brotes presentados en la central Hidroituango, un cantón militar de Turbo y tres grupos familias de Medellín, ubicados en las comunas de Santa Cruz y San Javier. De acuerdo con el informe de la Secretaría Seccional de Salud de Antioquia, actualmente hay 406 casos activos en el departamento, 156 de ellos en Medellín y el resto en Ituango (143), Carepa (48), Bello (6), Apartadó (14), Copacabana (4), Envigado (2), Itagüí (3), El Bagre (1), Turbo (17), Rionegro (1), Sabaneta (6), Marinilla (3) y La Estrella (2). 11 personas están hospitalizadas, 5 en unidades de Cuidado Intensivo y 6 en hospitalización general. La cifra de personas recuperadas en el departamento ascendió a 449, distribuidas así: Medellín (271), Bello (52), Envigado (30), Itagüí (17), Rionegro (12), Sabaneta (10), La Estrella (9), Copacabana (9), Caldas (5), Apartadó (4), Montebello (3), Guarne (3), Donmatías (2), Guatapé (2), La Ceja (2), Santa Rosa de Osos (2), Sonsón (2), San Pedro de Urabá (1), El Carmen de Viboral (1), Barbosa (1), Andes (1), Santo Domingo (1), El Retiro (1), Cocorná (1), El Santuario (1), Angostura (1), Caucasia (1), Cisneros (1), Amagá (1), Frontino (1) y Girardota (1).   Puede leer: En tres familias recae el nuevo brote de coronavirus en Medellín.    ", Antioquia ajusta 1.648 casos y suma otro municipio con covid-19 ,https://www.elcolombiano.com/antioquia/nuevos-casos-de-coronavirus-en-medellin-y-antioquia-KF12602282,newspaper_uid,www.elcolombiano.com,5,2147
983f455ad9a3726f555007004ff03c0d,"    El procurador general, Fernando Carrillo, denunció ante la Fiscalía General el reclutamiento ilícito, uso de menores de edad en la comisión de delitos, lesiones y homicidios de personas protegidas, actos de terrorismo, tortura y desplazamiento forzado del que han sido víctimas varios niños, adolescentes y familias campesinas e indígenas, en medio de la pandemia. El documento presentado por el procurador da cuenta de que los responsables de tales hechos son el Ejército de Liberación Nacional (Eln),...    ", Procurador denunció reclutamiento de menores de edad en pandemia ,https://www.elcolombiano.com/colombia/procurador-denuncio-reclutamiento-de-menores-de-edad-durante-pandemia-DH13146555,newspaper_uid,www.elcolombiano.com,6,45
61299e2138ecf616a316ad16b3117b35,"    Por su fomento de la lectura y su apoyo a la industria editorial, la Feria del Libro de Guadalajara (México) y el Hay Festival de literatura (Gales) consiguieron este martes en España el Premio Princesa de Asturias de Comunicación y Humanidades. Ambas citas anuales comparten el galardón por representar los más importantes puntos de encuentro del libro, los escritores, los lectores y la cultura en el mundo, explicó en su fallo el jurado, que se reunió por videoconferencia debido a la pandemia del...    ", Premio Princesa de Asturias para el Hay y la Feria del Libro de Guadalajara ,https://www.elcolombiano.com/cultura/princesa-de-asturias-al-hay-festival-y-a-la-feria-del-libro-de-guadalajara-CH13142415,newspaper_uid,www.elcolombiano.com,6,40
